ID,Title
12kz2o8,Why is inheritance taught so early and prominently in school?
12kz2o8,Why is inheritance taught so early and prominently in school?
12kz2o8,Why is inheritance taught so early and prominently in school?
12kz2o8,Why is inheritance taught so early and prominently in school?
12kz2o8,Why is inheritance taught so early and prominently in school?
12kz2o8,Why is inheritance taught so early and prominently in school?
12kz2o8,Why is inheritance taught so early and prominently in school?
12nipqn,what is your favorite programming language? And Why?
12qoi1d,Am I wrong???
12nipqn,what is your favorite programming language? And Why?
12nipqn,what is your favorite programming language? And Why?
12nipqn,what is your favorite programming language? And Why?
12qoi1d,Am I wrong???
12pqzia,How would you design your career to work part time and make 100k as a programmer?
12nipqn,what is your favorite programming language? And Why?
12qoi1d,Am I wrong???
12pqzia,How would you design your career to work part time and make 100k as a programmer?
12nipqn,what is your favorite programming language? And Why?
12rt24x,"Redditors who have actually won a “lifetime” supply of something, what was the supply you won and how long did it actually last?"
12rt24x,"Redditors who have actually won a “lifetime” supply of something, what was the supply you won and how long did it actually last?"
12rt24x,"Redditors who have actually won a “lifetime” supply of something, what was the supply you won and how long did it actually last?"
12rk46t,"There is a greek proverb : ""A society grows great when old men plant trees whose shade they know they shall never sit in"". What are the greatest examples of this in human history ?"
12r97fa,Florida state is attempting to make child rape punishable by death. Do you think child rape warrants a death penalty? Why or why not?
